Erick Antillon,erick@gmail.com,555-1234
Daniel Chinchilla,daniel@gmail.com,555-5678
Erick Antillon,erick@gmail.com,555-1234
Daniel Chinchilla,daniel@gmail.com,555-5678
Erick Antillon,erick@gmail.com,555-1234
Daniel Chinchilla,daniel@gmail.com,555-5678
Erick Antillon,erick@gmail.com,555-1234
Daniel Chinchilla,daniel@gmail.com,555-5678
Erick Antillon,erick@gmail.com,555-1234
Daniel Chinchilla,daniel@gmail.com,555-5678
Erick Antillon,erick@gmail.com,555-1234
Daniel Chinchilla,daniel@gmail.com,555-5678
Erick Antillon,erick@gmail.com,555-1234
Daniel Chinchilla,daniel@gmail.com,555-5678
